datetimes,neighborhoods,titles,addresses,property_types,bedrooms,bathrooms,sqfts,prices,links
2020-08-21 12:34:00,Palm Desert,"Beautiful, Large, Plank Floor, $300.00 Off Move-In !!!",74401 Hovley Ln E near Portola,apartment,1.0,1.0,857.0,1595,https://palmsprings.craigslist.org/apa/d/palm-desert-beautiful-large-plank-floor/7181725635.html
2020-08-21 12:24:00,Indio,"Move In Special! Apply Online! Utilities incl: water, trash, sewer!",Requa near Arabia,apartment,2.0,1.5,769.0,1300,https://palmsprings.craigslist.org/apa/d/indio-move-in-special-apply-online/7181703068.html
2020-08-21 11:56:00,"Palm Springs, Ca",This 1x1 Apt. Features a Striking Kitchen w/ a Breakfast Bar,2500 E Palm Canyon Dr near S. Farrell Drive,apartment,1.0,1.0,825.0,1570,https://palmsprings.craigslist.org/apa/d/palm-springs-this-1x1-apt-features/7181697083.html
2020-08-21 11:44:00,Indio,Put a smile on your face! You've just found the right place!,46745 monroe st,apartment,2.0,2.0,1015.0,1520,https://palmsprings.craigslist.org/apa/d/indio-put-smile-on-your-face-youve-just/7181687839.html
2020-08-21 11:33:00,Indian Wells,"Mt. Cove Studio , upstairs, Views, Guard Gated, Pools","46750 Cortez #20 near Mt. Cove,",condo,0.0,1.0,,1500,https://palmsprings.craigslist.org/apa/d/indian-wells-mt-cove-studio-upstairs/7174053124.html
2020-08-21 11:09:00,Walking Distance To Restaurants And Shops-Palm Springs,Newly Renovated Studios ONLY,Smoke Tree Lane near E Palm Canyon Dr,apartment,0.0,1.0,400.0,1100,https://palmsprings.craigslist.org/apa/d/palm-springs-newly-renovated-studios/7181658697.html
2020-08-21 10:55:00,Bermuda Dunes,"Bright, clean, spacious, 2 bed, 1022 sq ft, resort caliber amenities",79090 Avenue 42 Ave,apartment,2.0,2.0,1022.0,1445,https://palmsprings.craigslist.org/apa/d/palm-desert-bright-clean-spacious-2-bed/7181648966.html
2020-08-21 10:42:00,Corner Of Baristo And Sunrise Way,Spacious Studio In Sunny Palm Springs $500 Off 1st Months Rent!!!,311 S. Sunrise near S. Sunrise Way & E. Baristo Rd.,apartment,0.0,1.0,476.0,1150,https://palmsprings.craigslist.org/apa/d/palm-springs-spacious-studio-in-sunny/7181628339.html
2020-08-21 10:34:00,Coachella,"Extra Storage, Child Care, Playground, Dishwasher, Gas Range",53-551 Cesar Chavez St. near Ave 53,apartment,4.0,2.0,1220.0,1187,https://palmsprings.craigslist.org/apa/d/coachella-extra-storage-child-care/7181631932.html
2020-08-21 10:32:00,Palm Spring,WHAT A GREAT COMMUNITY AT PALM CANYON TERRACE,2800 Golf Club Drive near E. Palm Canyon Drive,apartment,2.0,2.0,1005.0,1510,https://palmsprings.craigslist.org/apa/d/cathedral-city-what-great-community-at/7181630153.html
2020-08-21 10:01:00,Palm Desert,Have the Royal experience @ Royal Palms Apartment homes in Palm Desert,40890 Sandy Gale Ln near Washington,apartment,2.0,2.0,965.0,1620,https://palmsprings.craigslist.org/apa/d/palm-desert-have-the-royal-experience/7169366799.html
2020-08-21 09:44:00,Cathedral City,2 Bedroom 1 Bath With Pool - Cathedral City Courtyard,37112 Palo Verde,apartment,2.0,1.0,,1350,https://palmsprings.craigslist.org/apa/d/cathedral-city-2-bedroom-1-bath-with/7181581183.html
2020-08-21 09:33:00,Cathedral City,*MOVE IN SPECIAL* for remodeled cottage style 1 bdrm in Cathedral City,68365 tahquitz,apartment,1.0,0.0,,1150,https://palmsprings.craigslist.org/apa/d/cathedral-city-move-in-special-for/7181583434.html
2020-08-21 09:26:00,Cathedral City,Cathedral City Bungalows Remodeled 1 Bedroom,37188 Melrose Drive,apartment,1.0,1.0,,1150,https://palmsprings.craigslist.org/apa/d/cathedral-city-cathedral-city-bungalows/7181577733.html
2020-08-21 09:25:00,"Shadow Hills, Indio",Sun City home for rent,Avenida Santa Belinda,house,2.0,2.0,1374.0,1850,https://palmsprings.craigslist.org/apa/d/indio-sun-city-home-for-rent/7181576580.html
2020-08-21 09:22:00,La Quinta,CATHEDRAL CITY - UPGRADED ONE BED APARTMENT COMPLEX,36953 Bankside Dr near Palm Canyon,apartment,1.0,1.0,,1150,https://palmsprings.craigslist.org/apa/d/cathedral-city-cathedral-city-upgraded/7181574432.html
2020-08-21 09:17:00,La Quinta,La Quinta Large 2 Bedroom 2 Bath Townhome,51020 Eisenhower Drive near Calle Tampico,apartment,2.0,2.0,,1350,https://palmsprings.craigslist.org/apa/d/la-quinta-la-quinta-large-2-bedroom-2/7181570335.html
2020-08-21 09:14:00,La Quinta,LA QUINTA COURTYARD 2 BEDROOM 2 BATHROOM FOR RENT,51080 Eisenhower near Calle Tampico,apartment,2.0,2.0,,1350,https://palmsprings.craigslist.org/apa/d/la-quinta-la-quinta-courtyard-2-bedroom/7181567571.html
2020-08-21 08:42:00,Indio,Close to Shopping Centers! 1 Bedroom 1 Bath Apartment Available!,46725 Clinton Street near Hwy 111,apartment,1.0,1.0,524.0,786,https://palmsprings.craigslist.org/apa/d/indio-close-to-shopping-centers-1/7181542839.html
2020-08-21 07:21:00,Palm Springs,Large 1 Bedroom With Pool and A/C Across from Riviera Resort & Spa,686 Cottonwood Road near Avenida Caballeros,apartment,1.0,1.0,,1150,https://palmsprings.craigslist.org/apa/d/palm-springs-large-1-bedroom-with-pool/7173318516.html
2020-08-21 07:21:00,Palm Springs,"1 Bedroom 1 Bathroom with Pool, Carport, and Cold A/C",685 Vista Chino near Avenida Caballeros,apartment,1.0,1.0,,1150,https://palmsprings.craigslist.org/apa/d/palm-springs-1-bedroom-1-bathroom-with/7173322279.html
2020-08-21 07:21:00,La Quinta,La Quinta - Large 2BR Cottage - Calle Tampico,51049 Eisenhower near Calle Tampico,apartment,2.0,2.0,,1350,https://palmsprings.craigslist.org/apa/d/la-quinta-la-quinta-large-2br-cottage/7167570231.html
2020-08-21 07:20:00,La Quinta,Upgraded Large 2 bedroom/2 bath in La Quinta,51099 Eisenhower near Calle Tampico,apartment,2.0,2.0,,1350,https://palmsprings.craigslist.org/apa/d/la-quinta-upgraded-large-2-bedroom-2/7167571920.html
2020-08-21 06:12:00,Palm Springs / Movie Colony Area,Large Studio Apt - w/ Office - Great Location!,275 E. Tamarisk,apartment,0.0,1.0,,995,https://palmsprings.craigslist.org/apa/d/palm-springs-large-studio-apt-office/7181438780.html
2020-08-21 05:57:00,Cathedral City,Desert princess country club,W. Chimayo,condo,3.0,2.0,1285.0,1950,https://palmsprings.craigslist.org/apa/d/cathedral-city-desert-princess-country/7179314161.html
2020-08-21 05:49:00,Baristo Neighborhood Of Palm Springs Ca,Palm Springs  ~  2 Bedroom / 2 Bathroom ~  Available NOW!,311-341 South Sunrise Way,apartment,2.0,2.0,888.0,1600,https://palmsprings.craigslist.org/apa/d/palm-springs-palm-springs-2-bedroom-2/7176401950.html
2020-08-21 03:53:00,"Palm Springs, Ca",gorgeous mountain views from the balcony,5205 E WAVERLY Dr,condo,2.0,2.5,,1150,https://palmsprings.craigslist.org/apa/d/cathedral-city-gorgeous-mountain-views/7181387262.html
2020-08-20 17:12:00,Indio,There's no place like home at Watercrest at the Polo Field!,46746 monroe st,apartment,1.0,1.0,745.0,1380,https://palmsprings.craigslist.org/apa/d/indio-theres-no-place-like-home-at/7181258782.html
2020-08-20 16:44:00,Blythe,BOATING ON THE COLORADO RIVER,2637 Colorado River Road near 6th,house,3.0,3.0,2100.0,2000,https://palmsprings.craigslist.org/apa/d/blythe-boating-on-the-colorado-river/7173684212.html
2020-08-20 15:44:00,Palm Desert,"First Floor - Washer/Dryer, Garage & Plank Flooring @ The Enclave",35751 Gateway Drive,apartment,1.0,1.0,887.0,1685,https://palmsprings.craigslist.org/apa/d/rancho-mirage-first-floor-washer-dryer/7179121355.html
2020-08-20 15:15:00,La Quinta,Large 2 Bedroom 2 Bath 2 Story Townhouse La Quinta,51080 Eisenhower Drive near Calle Tampico,apartment,2.0,1.5,,1350,https://palmsprings.craigslist.org/apa/d/la-quinta-large-2-bedroom-2-bath-2/7165323369.html
2020-08-20 14:57:00,Indio,"Beautiful 1 Bed / 1 Bath Layout, Tons of Light. Call for a Tour!",46745 MONROE ST,apartment,1.0,1.0,745.0,1440,https://palmsprings.craigslist.org/apa/d/indio-beautiful-1-bed-1-bath-layout/7181187552.html
2020-08-20 13:23:00,Palm Springs,Enhance your lifestyle at 29hundred Apartments!,2900 East Ramon Road - 25 near Compadre,apartment,2.0,1.0,,1475,https://palmsprings.craigslist.org/apa/d/palm-springs-enhance-your-lifestyle-at/7171597308.html
2020-08-20 13:11:00,Palm Desert,Exceptional Family Home,43175 Texas Avenue,house,3.0,2.0,1526.0,1785,https://palmsprings.craigslist.org/apa/d/palm-desert-exceptional-family-home/7181117396.html
2020-08-20 12:55:00,Palm Springs,1 Bedroom - Fully Remodeled! Don't Miss It,2900 E Ramon Road near Compadre,apartment,1.0,1.0,,1250,https://palmsprings.craigslist.org/apa/d/palm-springs-1-bedroom-fully-remodeled/7172693065.html
2020-08-20 11:07:00,Palm Springs,Se Renta Lindo Condominio Amueblado,N. Los Felices Cir. W,condo,1.0,1.0,,1200,https://palmsprings.craigslist.org/apa/d/palm-springs-se-renta-lindo-condominio/7174852587.html
2020-08-20 10:45:00,Palm Springs,>>>>> Spacious Studio for only $950 a month<<<<<,1400 E. Palm Canyon Dr. near Sagebrush,apartment,0.0,1.0,600.0,950,https://palmsprings.craigslist.org/apa/d/palm-springs-spacious-studio-for-only/7181010741.html
2020-08-20 10:28:00,Palm Desert,Exclusive neighborhood! * Luxury Apartment * 3 Beds | 3 Baths * UNIQUE,45900 Ca 74,apartment,3.0,3.0,,2500,https://palmsprings.craigslist.org/apa/d/palm-desert-exclusive-neighborhood/7180984061.html
2020-08-20 07:52:00,Sky Valley,Cute Tiny House in Luxury Mobile Home Resort,74711 Dillon Road,other,1.0,1.0,600.0,1500,https://palmsprings.craigslist.org/apa/d/indio-cute-tiny-house-in-luxury-mobile/7178891868.html
2020-08-20 07:50:00,Palm Springs,"Excellent Warm Sands Location, Mid-Century  One Bedroom",546 S. Camino Real near Ramon,apartment,1.0,1.0,,1295,https://palmsprings.craigslist.org/apa/d/palm-springs-excellent-warm-sands/7180876809.html
2020-08-20 07:46:00,Palm Desert,Gorgeous Condo Available Now!,41420 Inverness Way,condo,2.0,2.0,,2500,https://palmsprings.craigslist.org/apa/d/palm-desert-gorgeous-condo-available-now/7180874029.html
2020-08-19 14:32:00,Palm Desert,Everything You Need. All Right Here. Including Free RENT!,Sandy Gale Ln. near Washington St.,condo,2.0,2.0,,1650,https://palmsprings.craigslist.org/apa/d/palm-desert-everything-you-need-all/7180529131.html
2020-08-19 14:22:00,Cathedral City,REMODELED LARGE 2 BEDROOM IN CATHEDRAL CITY CLOSE TO 111,68640,apartment,2.0,1.0,,1350,https://palmsprings.craigslist.org/apa/d/cathedral-city-remodeled-large-2/7177545657.html
2020-08-19 14:20:00,Palm Desert,PALM DESERT - LARGE REMODELED 2 BEDROOM APARTMENT HOME,74402 Abronia Tr,apartment,2.0,1.0,,1395,https://palmsprings.craigslist.org/apa/d/palm-desert-palm-desert-large-remodeled/7168109456.html
2020-08-19 14:18:00,Yucca Valley,1 Bedroom 1 Bathroom in Yucca Valley for Rent $600-Spacious Apartment,56081 Twentynine Palms Hwy #4,apartment,1.0,1.0,700.0,600,https://palmsprings.craigslist.org/apa/d/yucca-valley-1-bedroom-1-bathroom-in/7180534106.html
2020-08-19 13:42:00,Palm Springs,Renovated Large One Bedroom Aparment,1711 E Amado Road near Sunrise and Amado,apartment,1.0,1.0,750.0,1200,https://palmsprings.craigslist.org/apa/d/palm-springs-renovated-large-one/7180501358.html
2020-08-19 13:28:00,Indio,$200 OFF MOVE IN! COME SEE THIS GORGEOUS 1 BEDROOM REMODELED UNIT!,46745 Monroe St near Dr. Carreon,apartment,1.0,1.0,1015.0,1440,https://palmsprings.craigslist.org/apa/d/indio-200-off-move-in-come-see-this/7180500448.html
2020-08-19 12:32:00,Palm Springs,$1250 / 1br - 1 Bedroom - Fully Remodeled!,2900 E. Ramon Road near Compadre,apartment,1.0,1.0,,1250,https://palmsprings.craigslist.org/apa/d/palm-springs-br-1-bedroom-fully/7175052889.html
2020-08-19 12:24:00,Palm Springs,Newly Renovated 1 Bedroom Excellent Location,1333 S. Belardo Road near Morongo Road,apartment,1.0,1.0,687.0,1470,https://palmsprings.craigslist.org/apa/d/palm-springs-newly-renovated-1-bedroom/7180456021.html
2020-08-19 12:12:00,La Quinta,Won't Last Long-2 Bd 2 Ba-Uptstairs-W/D-Garage,50660 Eisenhower Dr.,apartment,2.0,2.0,450.0,1410,https://palmsprings.craigslist.org/apa/d/la-quinta-wont-last-long-2-bd-2-ba/7180437544.html
2020-08-19 11:51:00,Sunrise Park Neighborhood,"2 Bedrooms 2 Bath Apartment in Palm Springs, CA",2300 E. Tahquitz Canyon Way,apartment,2.0,2.0,954.0,1575,https://palmsprings.craigslist.org/apa/d/palm-springs-2-bedrooms-2-bath/7180430862.html
2020-08-19 11:09:00,Indio,$875 Junior Suite,Arabia near Garden,apartment,1.0,1.0,500.0,875,https://palmsprings.craigslist.org/apa/d/indio-875-junior-suite/7163022982.html
2020-08-19 09:06:00,Cathedral City,MOVE IN SPECIAL!!! Remodeled 1bdrm w/  Pool - Cathedral City,68365 Tahquitz,apartment,1.0,1.0,,1195,https://palmsprings.craigslist.org/apa/d/cathedral-city-move-in-special/7166948429.html
2020-08-19 08:14:00,Cathedral City,Renovated large 2-Bed/2Bath in Vacation Style Community,69150 Gerald Ford Dr. near Date Palm Drive,apartment,2.0,2.0,1000.0,1500,https://palmsprings.craigslist.org/apa/d/cathedral-city-renovated-large-2-bed/7172171468.html
2020-08-19 02:09:00,Banning,Stunning 365 degree views for this beautiful single level home!,5120 Breckenridge Ave near Banning,house,2.0,3.0,2133.0,1650,https://palmsprings.craigslist.org/apa/d/beaumont-stunning-365-degree-views-for/7180132691.html
2020-08-18 22:51:00,Desert Hot Springs,"3br., 2ba., Home For The Executive",Oakmount Blvd. near Hoylake,house,3.0,2.0,1692.0,1895,https://palmsprings.craigslist.org/apa/d/desert-hot-springs-3br-2ba-home-for-the/7178080649.html
2020-08-18 21:37:00,Palm Springs,$1400 One Bedroom Apt. for rent,Highland Dr. near Ramon Road,apartment,1.0,1.0,,1400,https://palmsprings.craigslist.org/apa/d/palm-springs-1400-one-bedroom-apt-for/7180096780.html
2020-08-18 14:55:00,Rancho Mirage,LOWEST PRICED HOME IN RANCHO MIRAGE!!!!,34001 EMILY DR,condo,2.0,2.0,1000.0,1700,https://palmsprings.craigslist.org/apa/d/cathedral-city-lowest-priced-home-in/7179933434.html
2020-08-18 14:53:00,Palm Desert Greens Country Club,"Gated Active 55+ Country Club, Palm Desert Greens, 3BD 2BA",39140 Manzanita Dr near East Palm Desert Greens,other,3.0,2.0,1440.0,1500,https://palmsprings.craigslist.org/apa/d/rancho-mirage-gated-active-55-country/7179931991.html
2020-08-18 14:49:00,South Palm Desert,Super Cute 1+1 Available  Walking Distance to El Paseo,tumbleweed near Ocotillo,apartment,1.0,1.0,,1000,https://palmsprings.craigslist.org/apa/d/palm-desert-super-cute-11-available/7179929568.html
2020-08-18 14:42:00,Rancho Mirage,JUST LISTED! Nicely Remodeled 3 Bedroom 3 Bath Home in Rancho Mirage!,Doheney near Country Club,condo,3.0,3.0,1992.0,2199,https://palmsprings.craigslist.org/apa/d/rancho-mirage-just-listed-nicely/7176123689.html
2020-08-18 14:42:00,Palm Desert,Beautiful 2 bed/2 bath upgraded one level Villa located in Palm Lakes,Cook St near Fred Waring,condo,2.0,2.0,1005.0,1749,https://palmsprings.craigslist.org/apa/d/palm-desert-beautiful-2-bed-2-bath/7164190752.html
2020-08-18 14:41:00,South Palm Desert,LOWEST PRICED HOME IN SOUTH PALM DESERT!!!!,72502 EDGEHILL,condo,2.0,1.0,850.0,1395,https://palmsprings.craigslist.org/apa/d/palm-desert-lowest-priced-home-in-south/7179924343.html
2020-08-18 11:58:00,Palm Springs,$500 OFF MI One Bedroom 2 Story Loft Town House Down Town Palm Springs,449 East Arenas Road near So. Calle Encilia,apartment,1.0,1.0,687.0,1550,https://palmsprings.craigslist.org/apa/d/palm-springs-500-off-mi-one-bedroom-2/7179809960.html
2020-08-18 10:36:00,Palm Springs,$1550 Close To Parking 1 Bedroom With 1 Bathroom Uptown Palm Springs,783 N Indian Canyon Drive near Tamarisk / North Indian Canyon Drive,apartment,1.0,1.0,680.0,1550,https://palmsprings.craigslist.org/apa/d/palm-springs-1550-close-to-parking-1/7176150815.html
2020-08-18 08:10:00,Cathedral City,Presidio Park Apartments... Like being on Vacation at home!,69150 Gerald Ford Dr Date Palm near Date Palm,apartment,2.0,2.0,1000.0,1500,https://palmsprings.craigslist.org/apa/d/cathedral-city-presidio-park-apartments/7176925598.html
2020-08-17 13:24:00,Sunrise Park Neighborhood,Two Bedroom Two Bath Sage Courtyard,2300 E. Tahquitz Canyon Way near Farrell,apartment,2.0,2.0,954.0,1575,https://palmsprings.craigslist.org/apa/d/palm-springs-two-bedroom-two-bath-sage/7179238415.html
2020-08-17 12:26:00,Indio,Welcome to your New Home: Smoketree Apartments!,Avenue 48 near Monroe,apartment,2.0,2.0,900.0,1485,https://palmsprings.craigslist.org/apa/d/indio-welcome-to-your-new-home/7179196953.html
2020-08-17 12:16:00,Indio,Beautiful southerly mountain & golf course views,80517 Dunbar Dr near Indio,house,3.0,3.0,1884.0,2600,https://palmsprings.craigslist.org/apa/d/indio-beautiful-southerly-mountain-golf/7168903767.html
2020-08-17 11:24:00,La Quinta,Downstairs two bedroom coming soon~ includes garage~,50660 Eisenhower Dr,apartment,2.0,2.0,889.0,1420,https://palmsprings.craigslist.org/apa/d/la-quinta-downstairs-two-bedroom-coming/7179141093.html
2020-08-17 10:37:00,Indio,Welcome to Smoketree Polo Club Apartments!,Monroe near Avenue 48,apartment,2.0,2.0,900.0,1445,https://palmsprings.craigslist.org/apa/d/indio-welcome-to-smoketree-polo-club/7179113473.html
2020-08-17 10:12:00,Rancho Mirage,QUALITY LIVING/LOCATION/COMMUNITY,70210 Hwy 111 near Peterson,other,2.0,1.0,,1395,https://palmsprings.craigslist.org/apa/d/rancho-mirage-quality-living-location/7162976432.html
2020-08-17 07:55:00,La Quinta,Lovely 3 Bedroom 2 Bathroom Home near LQ Schools,45510 Sun Brook Lane near Woodberry,house,3.0,2.0,1489.0,1900,https://palmsprings.craigslist.org/apa/d/la-quinta-lovely-3-bedroom-2-bathroom/7168284779.html
2020-08-17 07:51:00,Palm Springs,Furnished Studio - Only 2 Month Minimum No Credit Check!,1400 E. Tahquitz Canyon Way,apartment,0.0,1.0,,1680,https://palmsprings.craigslist.org/apa/d/palm-springs-furnished-studio-only-2/7178974317.html
2020-08-16 23:55:00,Cathedral City,FURNISHED 2 BDRM / 2 BA CONDO AVAILABLE SEPT 1ST - NOV 28TH,Cathedral Canyon Dr near Perez Rd,condo,2.0,2.0,1384.0,2300,https://palmsprings.craigslist.org/apa/d/cathedral-city-furnished-2-bdrm-2-ba/7174837929.html
2020-08-16 20:00:00,S. Palm Desert - Near El Paseo,Location!! Views!! Remodeled!!,Ironwood near San Luis Rey,condo,3.0,2.0,1690.0,4000,https://palmsprings.craigslist.org/apa/d/palm-desert-location-views-remodeled/7178802791.html
2020-08-16 16:10:00,Thousand Palms,2 bedroom 2 bath home on golf course,33-130 Laura Dr near Barcelona Dr,house,2.0,2.0,1440.0,1400,https://palmsprings.craigslist.org/apa/d/thousand-palms-2-bedroom-2-bath-home-on/7178711556.html
2020-08-16 14:53:00,Yucca Valley,Charming & Unique Ranch House,Inca Trail near Onaga Trail,house,2.0,1.0,,1450,https://palmsprings.craigslist.org/apa/d/yucca-valley-charming-unique-ranch-house/7178671344.html
2020-08-16 13:29:00,Rancho Mirage,4 bedroom 3 bath pool with boat parking,71606 Mirage rd,house,4.0,3.0,2700.0,3900,https://palmsprings.craigslist.org/apa/d/palm-desert-4-bedroom-3-bath-pool-with/7178621216.html
2020-08-16 12:50:00,Palm Desert,Upscale New Condo,Retreat Circle near Portola,condo,2.0,3.0,2188.0,3650,https://palmsprings.craigslist.org/apa/d/palm-desert-upscale-new-condo/7178592457.html
2020-08-16 10:59:00,Old Town La Quinta,Embassy Suites Owner Unit Furnished,Calle Tampico near Desert Club,condo,1.0,1.0,680.0,2200,https://palmsprings.craigslist.org/apa/d/la-quinta-embassy-suites-owner-unit/7170725589.html
2020-08-16 10:00:00,Palm Desert,A BEAUTIFUL WELL FURNISHED 3BD FOR SALE,75245 Vista Corona,apartment,3.0,2.0,1184.0,950,https://palmsprings.craigslist.org/apa/d/palm-desert-beautiful-well-furnished/7178480408.html
2020-08-15 19:09:00,Los Angeles,PALM SPRINGS CONDO IN GREAT LOCATION!,2875 N. Los Felices Road near San Rafael,condo,1.0,1.0,589.0,975,https://palmsprings.craigslist.org/apa/d/palm-springs-palm-springs-condo-in/7178243006.html
2020-08-15 17:20:00,Cathedral City,"Great home, great yard, great neighborhood",Fortuna near Los Gatos,house,3.0,2.0,1900.0,2100,https://palmsprings.craigslist.org/apa/d/cathedral-city-great-home-great-yard/7178202682.html
2020-08-15 16:31:00,Palm Desert,2bed/1bath,72586 Edgehill Drive #4,condo,2.0,1.0,926.0,1550,https://palmsprings.craigslist.org/apa/d/palm-desert-2bed-1bath/7175504414.html
2020-08-15 16:23:00,Temecula,Welcome Home!  Call to Schedule an Appointment to Tour!  Apply Online!,31901 Campanula Way near Meadows Parkway,apartment,3.0,2.5,1490.0,2938,https://palmsprings.craigslist.org/apa/d/temecula-welcome-home-call-to-schedule/7178177688.html
2020-08-15 14:36:00,Palm Springs,Biltmore 111,Camino real near Indian canyon,apartment,2.0,2.0,950.0,2200,https://palmsprings.craigslist.org/apa/d/palm-springs-biltmore-111/7178120634.html
2020-08-15 11:53:00,29 Palms,2 +1 Duplex shared 3 Acr Lot ***FREE WIFI***,Two Mile Road near Lear,house,2.0,1.0,,775,https://palmsprings.craigslist.org/apa/d/twentynine-palms-2-1-duplex-shared-3/7178012553.html
2020-08-14 15:33:00,Palm Desert,Luxury Townhouse+Unbeatable Location. Minutes From Down Town!,40890 Sandy Gale Ln. near Washington St.,house,2.0,1.5,,1620,https://palmsprings.craigslist.org/apa/d/palm-desert-luxury-townhouseunbeatable/7177551433.html
2020-08-14 13:24:00,Palm Desert,SPACIOUS REMODELED 2 BEDROOM 1 BATH APARTMENT HOME PALM DESERT,74402 Abronia Trl,apartment,2.0,1.0,,1395,https://palmsprings.craigslist.org/apa/d/palm-desert-spacious-remodeled-2/7160601515.html
2020-08-14 07:45:00,Cathedral City,1 Bedroom 1 Bath With Pool - Cathedral City Courtyard,37156 Palo Verde Drive,apartment,1.0,1.0,,1150,https://palmsprings.craigslist.org/apa/d/cathedral-city-1-bedroom-1-bath-with/7159997568.html
2020-08-13 23:53:00,Palm Desert,Furnished Condo South Palm Desert Gated Community,47700 Desert Sage Court near Portola,house,2.0,2.0,1250.0,1795,https://palmsprings.craigslist.org/apa/d/palm-desert-furnished-condo-south-palm/7177103121.html
2020-08-13 14:01:00,Palm Springs,"Furnished Studios- Free Utilities, Cable TV & Wifi",1400 E Tahquitz Canyon Way,apartment,0.0,1.0,,1680,https://palmsprings.craigslist.org/apa/d/palm-springs-furnished-studios-free/7176886582.html
2020-08-13 13:07:00,Indio,Highly sought-after Canterra Model.,81657 Avenida De Baile near Indio,house,2.0,2.0,1257.0,1650,https://palmsprings.craigslist.org/apa/d/indio-highly-sought-after-canterra-model/7160203316.html
2020-08-13 13:07:00,Indio,Welcome to Kingsboro Lane,82782 Kingsboro Ln near Indio,house,2.0,2.0,1623.0,1450,https://palmsprings.craigslist.org/apa/d/indio-welcome-to-kingsboro-lane/7172350907.html
2020-08-13 09:58:00,Palm Desert,Updated Home with Nanny Suite/Pool near El Paseo,74225 candlewood,house,4.0,3.0,2600.0,3500,https://palmsprings.craigslist.org/apa/d/palm-desert-updated-home-with-nanny/7176709042.html
2020-08-13 07:25:00,Cathedral City,Cathedral City Courtyard 1 Bedroom With Pool and A/C,37156 Palo Verde Dr. near Kings Road,apartment,1.0,1.0,,1150,https://palmsprings.craigslist.org/apa/d/cathedral-city-cathedral-city-courtyard/7159203003.html
2020-08-13 07:25:00,Cathedral City,1 Bed 1 Bath With Pool Near Hwy 111 and Palm Drive,37112 Palo Verde Dr. near Kings Road,apartment,1.0,1.0,,1150,https://palmsprings.craigslist.org/apa/d/cathedral-city-1-bed-1-bath-with-pool/7159200905.html
2020-08-12 13:29:00,Cathedral City,1 Bedroom Apartment WITH POOL & A/C For Rent In Cathedral City,37112 Palo Verde Drive near Tahquitz Road,apartment,1.0,1.0,,1150,https://palmsprings.craigslist.org/apa/d/cathedral-city-1-bedroom-apartment-with/7158804485.html
2020-08-12 08:37:00,Cathedral City,Cathedral City Courtyard 1 Bedroom 1 Bath With Pool,37112 Palo Verde Drive near Palm Canyon,apartment,1.0,1.0,,1150,https://palmsprings.craigslist.org/apa/d/cathedral-city-cathedral-city-courtyard/7158719502.html
2020-08-12 08:36:00,La Quinta,Large 2 Bedroom 2 Bath Townhome in La Quinta,51080 Eisenhower Drive,apartment,2.0,2.0,,1395,https://palmsprings.craigslist.org/apa/d/la-quinta-large-2-bedroom-2-bath/7158699781.html
2020-08-12 06:58:00,Palm Desert,"2 bed, 2 bath, on golf course",country club near monterey ave,house,2.0,2.0,1350.0,1900,https://palmsprings.craigslist.org/apa/d/palm-desert-2-bed-2-bath-on-golf-course/7175967343.html
2020-08-11 16:57:00,Palm Springs,**Beautiful and Spacious 2 bedroom 2 bath Apartment Avail. 09/15/2020,"1400, E. Palm Canyon Dr. OFC near Sagebrush",apartment,2.0,2.0,1000.0,1350,https://palmsprings.craigslist.org/apa/d/palm-springs-beautiful-and-spacious-2/7175754957.html
2020-08-11 16:51:00,Monterey Ridge Palm Desert,Beautiful 2 Bed/2 Bath Resort Style Condo In Palm Desert!!!,73268 Azure Rain #103,condo,2.0,2.5,1246.0,1749,https://palmsprings.craigslist.org/apa/d/palm-desert-beautiful-2-bed-2-bath/7159137647.html
2020-08-11 13:54:00,Bermuda Dunes,Perfect 2 bedroom 2 bath available now!!!,42780 Washington Street near Hidden River,apartment,2.0,2.0,1020.0,1245,https://palmsprings.craigslist.org/apa/d/palm-desert-perfect-2-bedroom-2-bath/7175653170.html
2020-08-11 11:15:00,Cathedral City,Desert Cove Gem,69333 E. Palm Canyon near Date Palm Dr.,other,1.0,1.0,500.0,1250,https://palmsprings.craigslist.org/apa/d/desert-hot-springs-desert-cove-gem/7175539092.html
2020-08-11 11:06:00,La Quinta Cove,Private paradise home in beautiful La Quinta near PGA West Golf Course,52280 AVENIDA MADERO near CALLE SONORA,house,3.0,2.0,1661.0,1995,https://palmsprings.craigslist.org/apa/d/la-quinta-private-paradise-home-in/7175532061.html
2020-08-10 18:48:00,Warm Sands,725 e San Lorenzo #2,725 e San Lorenzo near Random,apartment,1.0,1.0,850.0,1250,https://palmsprings.craigslist.org/apa/d/palm-springs-725-san-lorenzo-2/7175186880.html
2020-08-10 17:16:00,La Quinta,Welcome home to luxury living! Beautiful 1 Bed 1 Bath in La Quinta,43100 Palm Royale Dr,apartment,1.0,1.0,755.0,1420,https://palmsprings.craigslist.org/apa/d/la-quinta-welcome-home-to-luxury-living/7175146434.html
2020-08-10 12:19:00,Palm Springs,Rental - Sunrise Racquet Club Complex,1189 Ganador near Vista Chino,house,2.0,2.0,1250.0,1650,https://palmsprings.craigslist.org/apa/d/palm-springs-rental-sunrise-racquet/7159924486.html
2020-08-08 15:34:00,North Indio,1 Bedroom Studio w/Bills Include $950.00,Emerald Ave near Jackson,apartment,1.0,1.0,,950,https://palmsprings.craigslist.org/apa/d/indio-1-bedroom-studio-bills-include/7173957630.html
2020-08-08 12:36:00,Palm Desert,ðŸ‘‘ Royal Palms Apartments ðŸ‘‘,40890 Sandy Gale Ln OFFICE near Washington,apartment,2.0,2.0,965.0,1620,https://palmsprings.craigslist.org/apa/d/palm-desert-royal-palms-apartments/7157558649.html
2020-08-08 10:13:00,Warm Sands Area Immediate Move-In,2 Bed 2 Bath Ramon Apts Available Now,1085 E Ramon Road near Grenfall,apartment,2.0,2.0,1000.0,1670,https://palmsprings.craigslist.org/apa/d/palm-springs-2-bed-2-bath-ramon-apts/7173743085.html
2020-08-08 09:10:00,Palm Desert,Great 3 bedroom Condo Gated community,Elba Ct. near Deep Canyon,condo,3.0,2.0,1584.0,2000,https://palmsprings.craigslist.org/apa/d/palm-desert-great-3-bedroom-condo-gated/7156432512.html
2020-08-07 22:14:00,Rancho Mirage,Neat private house for rent,Shoreline near Shasta Lake,house,3.0,2.0,1550.0,2400,https://palmsprings.craigslist.org/apa/d/cathedral-city-neat-private-house-for/7173514829.html
2020-08-07 17:12:00,Palm Springs,High ceiling Spacious 2bd/2bth unit with 2 large outside patios,1085 E Ramon Rd,apartment,2.0,1.5,1000.0,1670,https://palmsprings.craigslist.org/apa/d/palm-springs-high-ceiling-spacious-2bd/7173418939.html
2020-08-07 07:16:00,Cathedral City,Large 1 Bedroom Remodeled Unit With Many Upgrades,36953 Bankside Drive near Highway 111,apartment,1.0,1.0,,1150,https://palmsprings.craigslist.org/apa/d/cathedral-city-large-1-bedroom/7155942367.html
2020-08-06 23:29:00,Thermal,One bedroom casita,Jackson st near 54th,other,1.0,1.0,,1250,https://palmsprings.craigslist.org/apa/d/coachella-one-bedroom-casita/7172920487.html
2020-08-06 15:28:00,Coachella Ca,Casita for rent-$675,pinot noir near vista del norte,other,1.0,1.0,225.0,675,https://palmsprings.craigslist.org/apa/d/coachella-casita-for-rent-675/7168840091.html
2020-08-06 13:17:00,Palm Desert,AVAILABLE NOW - SOUTH PALM DESERT,Raven Road near Bursera,house,2.0,1.0,840.0,1550,https://palmsprings.craigslist.org/apa/d/palm-desert-available-now-south-palm/7172681259.html
2020-08-06 09:10:00,Palm Springs,Modern top Floor 1BR w/Balcony,North Villa Court near West San Rafael Drive,condo,1.0,1.0,600.0,2000,https://palmsprings.craigslist.org/apa/d/palm-springs-modern-top-floor-1br/7158251713.html
2020-08-05 10:36:00,Palm Springs,"1 Bedroom 1 Bath Apartment in Palm Springs, CA",San Rafael Dr near Virginia Rd,apartment,1.0,1.0,703.0,783,https://palmsprings.craigslist.org/apa/d/palm-springs-1-bedroom-1-bath-apartment/7171979128.html
2020-08-04 14:13:00,La Quinta,Beautifully new upgraded Codorniz Condo,80888 Iron Bark near Jefferson,apartment,2.0,2.5,1665.0,2200,https://palmsprings.craigslist.org/apa/d/palm-desert-beautifully-new-upgraded/7161178427.html
2020-08-04 12:32:00,Palm Springs,48 @ Baristo Modern 3 bedroom Condo for lease with Private Pool/Spa,1518 Baristo Rd. near Sunrise,house,3.0,3.5,1737.0,2995,https://palmsprings.craigslist.org/apa/d/palm-springs-48-baristo-modern-3/7164546450.html
2020-08-03 11:42:00,"Indio, Ca",Beautiful 1bdrm 1ba apartment! Must see!!,Dr. Carreon Blvd near Monroe st,apartment,1.0,1.0,680.0,1215,https://palmsprings.craigslist.org/apa/d/indio-beautiful-1bdrm-1ba-apartment/7170844179.html
2020-08-03 11:15:00,Palm Springs,"$1,595 Hardwood Flooring / 1 Bed With 1 Bath Uptown Palm Springs",783 N Indian Canyon Drive Unit C05 near Tamarisk,apartment,1.0,1.0,665.0,1595,https://palmsprings.craigslist.org/apa/d/palm-springs-1595-hardwood-flooring-1/7168562296.html
2020-08-02 10:13:00,Mukilteo,"Waterfront Mukilteo , 3 bedroom",Marine View Drive near Chennault beach,house,3.0,3.0,2537.0,4450,https://palmsprings.craigslist.org/apa/d/mukilteo-waterfront-mukilteo-3-bedroom/7153591415.html
2020-08-01 14:02:00,Sun City Shadow Hills,Wonderful Coachella Valley Home Close to Festivals and Fun!,40606 near Calle Leonora,house,2.0,2.0,1763.0,2200,https://palmsprings.craigslist.org/apa/d/indio-wonderful-coachella-valley-home/7169883668.html
2020-07-31 09:04:00,Palm Springs,"AT LAST, WHAT YOU HAVE BEEN LOOKING FOR",2800 Golf Club Drive near E. Palm Canyon Terrace,apartment,2.0,2.0,805.0,1295,https://palmsprings.craigslist.org/apa/d/cathedral-city-at-last-what-you-have/7169146288.html
2020-07-30 17:57:00,Palm Springs,Furnished studio,"953 S Paseo Dorotea Palm Springs, Ca 92264",other,0.0,1.0,250.0,700,https://palmsprings.craigslist.org/apa/d/palm-springs-furnished-studio/7168909720.html
2020-07-28 15:01:00,Palm Springs,2 BR 2 BATH Apartments,2801 East Avery Office near los compadres,apartment,2.0,2.0,980.0,1250,https://palmsprings.craigslist.org/apa/d/palm-springs-2-br-2-bath-apartments/7164059109.html
2020-07-28 15:01:00,Palm Springs,2 Bedroom/ 2 Bath Villa,2801 East Avery Office,apartment,2.0,2.0,1080.0,1450,https://palmsprings.craigslist.org/apa/d/palm-springs-2-bedroom-2-bath-villa/7159769922.html
2020-07-28 13:30:00,Palm Springs,Best 3 Bdrm Apartments in Town!! Available Now!!,900 E. Saturnino Road near Avenida Caballeros & Calle El Segundo,apartment,3.0,2.0,1190.0,1895,https://palmsprings.craigslist.org/apa/d/palm-springs-best-3-bdrm-apartments-in/7167611298.html
2020-07-28 10:37:00,Rancho Mirage Resort In Rm,Rancho Mirage townhouse; 2 bed 2 bath w/garage,DuVall near Gerald Ford,house,2.0,2.0,,1700,https://palmsprings.craigslist.org/apa/d/rancho-mirage-rancho-mirage-townhouse-2/7167487791.html
2020-07-28 10:30:00,Palm Springs,Huge Charming  Studio,1380 N Indian Canyon near Monte Vista,condo,0.0,1.0,,1395,https://palmsprings.craigslist.org/apa/d/palm-springs-huge-charming-studio/7164883225.html
2020-07-27 20:44:00,"Cathedral City, Ca","3 Bed, 2 Bath Cathedral Springs Condo, Cathedral City",31200 Landau Blvd,condo,3.0,2.0,1200.0,2000,https://palmsprings.craigslist.org/apa/d/cathedral-city-3-bed-2-bath-cathedral/7167216179.html
2020-07-27 19:36:00,S. Palm Desert - Near El Paseo,Location!! Views!! Remodeled!!!,18th Fairway Lane near Ironwood St,condo,3.0,2.0,1690.0,4000,https://palmsprings.craigslist.org/apa/d/palm-desert-location-views-remodeled/7167196206.html
2020-07-26 23:22:00,Palm Desert,Palm Desert Rental,76790 Florida Ave near California Ave,house,2.0,2.0,1490.0,2200,https://palmsprings.craigslist.org/apa/d/indian-wells-palm-desert-rental/7166620526.html
2020-07-26 16:06:00,Indio Talavera Community,4 bedroom 3 bath house in Indio CA,80522 Ullswater dr.,house,4.0,3.0,3005.0,2600,https://palmsprings.craigslist.org/apa/d/indio-4-bedroom-3-bath-house-in-indio-ca/7166490012.html
2020-07-26 14:29:00,Indio,AMAZING PRICE FOR THIS GORGEOUS REMODELED APARTMENT,46745 Monroe St near Indio,apartment,2.0,2.0,1015.0,1520,https://palmsprings.craigslist.org/apa/d/indio-amazing-price-for-this-gorgeous/7166440131.html
2020-07-26 05:57:00,Desert Hot Springs,1 BR Condo w/ Mountain Views and Swimming Pool,9653 Spyglass Avenue,apartment,1.0,1.0,750.0,1200,https://palmsprings.craigslist.org/apa/d/desert-hot-springs-1-br-condo-mountain/7153176708.html
2020-07-25 14:05:00,Rancho Mirage,Traveling Nurse/ Doctor executive  short/ long term,Frank Sinatra near Bob Hope,condo,2.0,2.5,2200.0,3450,https://palmsprings.craigslist.org/apa/d/rancho-mirage-traveling-nurse-doctor/7165915072.html
2020-07-24 17:15:00,Palm Desert,"Adorable 2 bed 2 bath Available now  $1,850",74898 Leslie Ave near Merle,house,2.0,2.0,1200.0,1850,https://palmsprings.craigslist.org/apa/d/palm-desert-adorable-2-bed-2-bath/7165437175.html
2020-07-24 16:22:00,Indio Ca,55+ Active Senior Community,81777 Avenue 48,apartment,2.0,1.0,910.0,1309,https://palmsprings.craigslist.org/apa/d/indio-55-active-senior-community/7165405081.html
2020-07-24 10:21:00,Morongo Valley,Rent to Own 4/2 Mobile Home - MUST SEE!!,29 Palms hwy,other,4.0,2.0,1400.0,900,https://palmsprings.craigslist.org/apa/d/morongo-valley-rent-to-own-4-2-mobile/7165170135.html
2020-07-23 23:02:00,Palmsprings,Studio for rent,2580 n junipero ave,apartment,0.0,1.0,,895,https://palmsprings.craigslist.org/apa/d/palm-springs-studio-for-rent/7164929024.html
2020-07-23 13:49:00,North La Quinta,4BR/2BA Home with Pool and Spa,La Palma Dr near adams,house,4.0,2.0,,2395,https://palmsprings.craigslist.org/apa/d/indian-wells-4br-2ba-home-with-pool-and/7147881090.html
2020-07-22 11:50:00,Palm Springs,FURNISHED Bungalow in Riviera Gardens (2118),1725 Via Miraleste near Vista Chino,condo,2.0,2.0,1183.0,1595,https://palmsprings.craigslist.org/apa/d/palm-springs-furnished-bungalow-in/7146523368.html
2020-07-22 11:50:00,Palm Springs,FURNISHED Bungalow in Riviera Gardens (219),353 Via Esquela near Indian Canyon,condo,2.0,2.0,1183.0,1595,https://palmsprings.craigslist.org/apa/d/palm-springs-furnished-bungalow-in/7146530468.html
2020-07-22 11:50:00,Rancho Mirage Resort,FURNISHED 2 BED 2 BATH Townhouse,Karen Way near Plumley,condo,2.0,2.0,966.0,1675,https://palmsprings.craigslist.org/apa/d/cathedral-city-furnished-2-bed-2-bath/7146541002.html
2020-07-22 06:35:00,Puerta Azul,Furnished/ Gated La Quinta,Via Puerta Azul near Madison,house,2.0,2.5,1560.0,2400,https://palmsprings.craigslist.org/apa/d/la-quinta-furnished-gated-la-quinta/7153482595.html
2020-07-20 15:51:00,"Palm Springs, Ca","Modern, renovated condo, 1 mile from Downtown Palm Springs",N Los Felices Rd. near E. Palm Canyon,condo,1.0,1.0,589.0,1350,https://palmsprings.craigslist.org/apa/d/palm-springs-modern-renovated-condo-1/7162964825.html
2020-07-19 23:06:00,Menifee,Single story Pool Home!,31670 Millcreek Dr near Millcreek Dr,apartment,2.0,2.0,2368.0,2100,https://palmsprings.craigslist.org/apa/d/menifee-single-story-pool-home/7154255485.html
2020-07-19 13:42:00,Palm Desert,Large Luxury 3br house for rent Desert Retreat!,Portola near Hovely,house,3.0,2.0,1950.0,3495,https://palmsprings.craigslist.org/apa/d/rancho-mirage-large-luxury-3br-house/7146676440.html
2020-07-17 09:59:00,114 Cultivate,Amazing 4 beds/3.5 baths home located in Beacon park,114 Cultivate,apartment,4.0,3.5,2462.0,4000,https://palmsprings.craigslist.org/apa/d/foothill-ranch-amazing-4-beds-35-baths/7150667436.html
2020-07-17 09:56:00,West Los Angeles,Newly Remodeled 3 bed 4 bath,1838 corinth ave near Missouri,condo,3.0,3.5,1850.0,5350,https://palmsprings.craigslist.org/apa/d/los-angeles-newly-remodeled-3-bed-4-bath/7161003081.html
2020-07-16 21:52:00,Palm Desert,2 bed 1 bath condo $1250/month,Willow St.,apartment,2.0,1.0,840.0,1250,https://palmsprings.craigslist.org/apa/d/palm-desert-2-bed-1-bath-condo-1250/7160772519.html
2020-07-16 11:51:00,Palm Springs  Cathedral City,Beauiful 2/2 golf course condo for rent,67471 toltec ct,condo,2.0,2.0,1000.0,1495,https://palmsprings.craigslist.org/apa/d/palm-desert-beauiful-2-2-golf-course/7154853581.html
2020-07-15 20:52:00,La Quinta/ Palm Springs Area,Old Town La Quinta monthly/ yearly Furnished rental,Calle Tampico near Desert club,condo,1.0,1.0,,1295,https://palmsprings.craigslist.org/apa/d/la-quinta-old-town-la-quinta-monthly/7144680418.html
2020-07-15 16:53:00,Palm Springs,"Unfurnished OR Furnished, 3 BD, 2 BA, 2 Car Garage",1092 Vista Sol near Alta Cresta,house,3.0,2.0,1630.0,2200,https://palmsprings.craigslist.org/apa/d/palm-springs-unfurnished-or-furnished-3/7160071240.html
2020-07-15 16:29:00,"Whitewater, Ca",Beautiful 2500 sqft.  Ranch house for rent,12465 Rushmore Ave. near Woodridge Ave,house,4.0,2.0,2500.0,2500,https://palmsprings.craigslist.org/apa/d/whitewater-beautiful-2500-sqft-ranch/7156526311.html
2020-07-13 12:30:00,Palm Springs,803 N. Palm Canyon! Truly exceptional mountain view townhome/garage,803 N. Palm Canyon Drive,house,2.0,2.0,1440.0,2300,https://palmsprings.craigslist.org/apa/d/palm-springs-803-palm-canyon-truly/7155890315.html
2020-07-13 10:24:00,Palm Desert,2 BED CONDO IN PALM LAKE,43376 Cook near Fred Waring,condo,2.0,2.0,1005.0,1795,https://palmsprings.craigslist.org/apa/d/palm-desert-2-bed-condo-in-palm-lake/7145837042.html
2020-07-12 15:17:00,"1243 Wilson Avenue Thermal, Ca",Stop Renting!!! Check this out!!!,Indian Trail near Lear,house,3.0,2.0,1316.0,1415,https://palmsprings.craigslist.org/apa/d/salton-city-stop-renting-check-this-out/7153898577.html
2020-07-12 15:17:00,"3747 Capri Lane, Thermal, Ca",Stop Renting!!! Yes YOU Can Buy A Home!!! Check this out!!!,3747 Capri Lane near Thomas,house,2.0,2.0,1202.0,1400,https://palmsprings.craigslist.org/apa/d/salton-city-stop-renting-yes-you-can/7147941996.html
2020-07-12 15:16:00,"9651 Brookline Avenue, Desert Hot Springs, Ca",Check This Out - Golf Included,9651 Brookline Avenue near Spyglass Avenue,house,3.0,2.0,2016.0,2260,https://palmsprings.craigslist.org/apa/d/desert-hot-springs-check-this-out-golf/7153934587.html
2020-07-12 10:03:00,Palm Desert,Beautiful Renovated Single Family Home (55+),38575 Orangecrest Rd,house,2.0,2.0,1790.0,2050,https://palmsprings.craigslist.org/apa/d/palm-desert-beautiful-renovated-single/7158025130.html
2020-07-12 09:05:00,Palm Springs Villas 1,Immaculate fully furnished Condo.,Los Felices Rd. near SAN Rafael,condo,1.0,1.0,700.0,1100,https://palmsprings.craigslist.org/apa/d/palm-springs-immaculate-fully-furnished/7150863511.html
2020-07-11 16:04:00,"Cathedral City, Ca",Studio available at the end of the July,31061 San Gabriel Circle W,apartment,1.0,0.0,,900,https://palmsprings.craigslist.org/apa/d/cathedral-city-studio-available-at-the/7157722116.html
2020-07-11 11:44:00,Henderson,"SUPER LUXURY WITH NACIONAL PARK VIEWS"" VIA MANTOVA",15 Via Mantova,apartment,2.0,2.0,1500.0,2000,https://palmsprings.craigslist.org/apa/d/henderson-super-luxury-with-nacional/7157561078.html
2020-07-11 11:18:00,Palm Desert,"Palm Desert Furnished Condo 2 bedroom, 2 bathroom",Cook near Fred Waring,condo,2.0,2.0,1005.0,1600,https://palmsprings.craigslist.org/apa/d/palm-desert-palm-desert-furnished-condo/7145392161.html
2020-07-10 14:13:00,Palm Springs,Palm Springs Rental - Annual Rental - partially furnished,Los Felices near San Rafael,condo,1.0,1.0,589.0,1025,https://palmsprings.craigslist.org/apa/d/palm-springs-palm-springs-rental-annual/7144934557.html
2020-07-10 10:15:00,Palm Springs,Near Downtown Palm Springs 2 Bedroom Near Park and Schools,685 Vista Chino near Highway 111,apartment,2.0,1.0,,1350,https://palmsprings.craigslist.org/apa/d/palm-springs-near-downtown-palm-springs/7139520273.html
2020-07-10 10:07:00,Bermuda Dunes,Bermuda Dunes Large Remodeled 2 Bedroom 2 Bath w/ Pool,79661 Avenue 42 near Washington,apartment,2.0,1.0,,1450,https://palmsprings.craigslist.org/apa/d/indio-bermuda-dunes-large-remodeled-2/7139467706.html
2020-07-10 07:41:00,Bermuda Dunes,2 Bedroom 1 Bath on a Large Property With Pool and 2 Parking Spots,79380 Avenue 42 near Washington,apartment,2.0,1.0,,1450,https://palmsprings.craigslist.org/apa/d/indio-2-bedroom-1-bath-on-large/7139426156.html
2020-07-09 16:29:00,La Quinta,COMING SOON! ADORABLE 2 Bedroom 2 Bath Home In La Quinta Cove,77526 Calle Nogales,condo,2.0,2.0,1365.0,1699,https://palmsprings.craigslist.org/apa/d/la-quinta-coming-soon-adorable-2/7147097277.html
2020-07-09 16:29:00,Mission Pointe Gated Community,Spacious 3 Bedroom/5 Bath Home with Pool and Spa in Rancho Mirage,37 Bonita Court,house,3.0,5.0,3123.0,3895,https://palmsprings.craigslist.org/apa/d/cathedral-city-spacious-3-bedroom-5/7155225023.html
2020-07-09 16:29:00,Cathedral City,AVAILABLE NOW! Contemporary 3 bed/2 bath Nicely FURNISHED/UNFURNISHED,27205 Landau Blvd,house,3.0,2.0,1727.0,2299,https://palmsprings.craigslist.org/apa/d/cathedral-city-available-now/7155287622.html
2020-07-09 16:29:00,Palm Springs,AVAILABLE NOW! Beautiful 1 Bedroom/1 Bath Furnished Modern Condo in PS,550 N. Villa Ct #203,condo,1.0,1.0,589.0,1299,https://palmsprings.craigslist.org/apa/d/palm-springs-available-now-beautiful-1/7155292297.html
2020-07-09 16:22:00,Portola Village,Beautifully Remodeled 3 Bedroom PLUS Den Home In S. Palm Desert,74186 Santa Rosa Circle,house,3.0,2.0,1547.0,2499,https://palmsprings.craigslist.org/apa/d/palm-desert-beautifully-remodeled-3/7156539955.html
2020-07-09 13:46:00,Palm Springs,Remodeled 1 Bedroom in Palm Springs With Pool and BBQ Area,686 Cottonwood Rd near Avenida Caballeros,apartment,1.0,1.0,,1150,https://palmsprings.craigslist.org/apa/d/palm-springs-remodeled-1-bedroom-in/7140641016.html
2020-07-09 13:46:00,La Quinta,2 BEDROOM 2 BATHROOM AVAILABLE IN LA QUINTA,51080 Eisenhower Dr. near Calle Tampico,apartment,2.0,2.0,,1350,https://palmsprings.craigslist.org/apa/d/la-quinta-2-bedroom-2-bathroom/7140639714.html
2020-07-08 13:02:00,Indio,MOVE IN SPECIALS!,avenue 48 near monroe,apartment,1.0,1.0,710.0,1235,https://palmsprings.craigslist.org/apa/d/indio-move-in-specials/7139874414.html
2020-07-08 13:02:00,Indio,Beautiful renovated apartment- Discounted rent- $ 500,AVENUE 48 near MONROE,apartment,2.0,2.0,900.0,1630,https://palmsprings.craigslist.org/apa/d/indio-beautiful-renovated-apartment/7138247004.html
2020-07-08 07:49:00,Cathedral City,Cathedral City 1 Bedroom 1 Bath With Pool and A/C,37156 Bankside Drive near Highway 111,apartment,1.0,1.0,,1150,https://palmsprings.craigslist.org/apa/d/cathedral-city-cathedral-city-1-bedroom/7139861806.html
2020-07-07 15:10:00,Indio,Beautiful 1bdrm 1ba! Must See!!!,Dr. Carreon Blvd near Monroe Street,apartment,1.0,1.0,680.0,1215,https://palmsprings.craigslist.org/apa/d/indio-beautiful-1bdrm-1ba-must-see/7155262337.html
2020-07-07 15:05:00,Indio,Spacious 1bdrm Cottage!!,Dr.Carreon Blvd near Monroe Street,apartment,1.0,1.0,680.0,1260,https://palmsprings.craigslist.org/apa/d/indio-spacious-1bdrm-cottage/7155258647.html
